{"ChunkCoord.x":-52,"ChunkCoord.y":0,"Coord.x":-1227,"Coord.y":0,"Position.x":-19618.29296875,"Position.y":15.6872253417969}