{"ChunkCoord.x":-229,"ChunkCoord.y":1,"Coord.x":-5491,"Coord.y":32,"Position.x":-87840.953125,"Position.y":520.316101074219}